Label,MQ2,MQ3,MQ135,MQ136
Unknown,26.0,121.71239669421487,19.360330578512396,43.25454545454546
Unknown,91.28595041322313,580.697520661157,106.12892561983472,250.7900826446281
Unknown,34.938538205980066,360.1279069767442,30.461794019933556,99.84053156146179
Unknown,23.358085808580856,78.75412541254126,17.628712871287128,42.305280528052805
Unknown,23.36560934891486,89.65275459098497,18.101836393989984,40.28881469115192
Unknown,31.00327332242226,284.01633986928107,32.65686274509804,102.24183006535948
