Label,MQ2,MQ3,MQ135,MQ136
Unknown,135.0,621.1111111111111,194.88888888888889,365.44444444444446
