Label,MQ2,MQ3,MQ135,MQ136
Unknown,116.10759493670886,640.1962025316456,147.52320675105486,309.56962025316454
