Label,MQ2,MQ3,MQ135,MQ136
Unknown,26.0,121.71239669421487,19.360330578512396,43.25454545454546
