Label,MQ2,MQ3,MQ135,MQ136
Unknown,44.79824561403509,442.6140350877193,54.85087719298246,125.6842105263158
