Label,MQ2,MQ3,MQ135,MQ136
<<<<<<< HEAD
Unknown,19.536065573770493,45.075409836065575,22.52622950819672,126.08360655737704
=======
Unknown,22.61513157894737,127.46633825944171,18.926108374384235,42.97701149425287
>>>>>>> b4d56e0 (amen 5pm)
