Label,MQ2,MQ3,MQ135,MQ136,MQ137,MQ138
Unknown,67.48523206751055,537.6033755274261,109.79324894514768,283.2700421940928,732.9535864978903,750.6118143459915
