Label,MQ2,MQ3,MQ135,MQ136,MQ137,MQ138
Unknown,23.857142857142858,76.28571428571429,20.714285714285715,52.142857142857146,353.57142857142856,485.7142857142857
