Label,MQ2,MQ3,MQ135,MQ136,MQ137,MQ138
Unknown,24.266666666666666,110.2,23.266666666666666,59.73333333333333,424.73333333333335,571.0666666666667
