Label,MQ135,MQ136,MQ2,MQ3,MQ137,MQ138
Unknown,99.20666666666666,567.465,159.42833333333334,331.0233333333333,752.5766666666667,752.3116666666666
