Label,MQ2,MQ3,MQ135,MQ136
Unknown,19.536065573770493,45.075409836065575,22.52622950819672,126.08360655737704
