Label,MQ2,MQ3,MQ135,MQ136,MQ137,MQ138
Unknown,23.384615384615383,76.23076923076923,21.23076923076923,54.0,352.46153846153845,475.38461538461536
