Label,MQ2,MQ3,MQ135,MQ136
Unknown,21.75,100.5,19.833333333333332,59.583333333333336
