Label,MQ2,MQ3,MQ135,MQ136,MQ137,MQ138
Unknown,21.916666666666668,80.75,20.916666666666668,55.833333333333336,439.5,521.1666666666666
