Label,MQ2,MQ3,MQ135,MQ136
Unknown,24.16216216216216,99.48648648648648,20.486486486486488,58.16216216216216
